Program,Year,Period,Week Ending,Geo Level,State,State ANSI,Ag District,Ag District Code,County,County ANSI,Zip Code,Region,watershed_code,Watershed,Commodity,Data Item,Domain,Domain Category,Value,CV (%)
SURVEY,1866,YEAR,,NATIONAL,US TOTAL,,,,,,,,0,,CORN,"CORN, GRAIN - PRODUCTION, MEASURED IN BU",TOTAL,NOT SPECIFIED,"730,814,000",
SURVEY,1867,YEAR,,NATIONAL,US TOTAL,,,,,,,,0,,CORN,"CORN, GRAIN - PRODUCTION, MEASURED IN BU",TOTAL,NOT SPECIFIED,"793,905,000",
SURVEY,1868,YEAR,,NATIONAL,US TOTAL,,,,,,,,0,,CORN,"CORN, GRAIN - PRODUCTION, MEASURED IN BU",TOTAL,NOT SPECIFIED,"919,590,000",
SURVEY,1869,YEAR,,NATIONAL,US TOTAL,,,,,,,,0,,CORN,"CORN, GRAIN - PRODUCTION, MEASURED IN BU",TOTAL,NOT SPECIFIED,"782,084,000",
SURVEY,1870,YEAR,,NATIONAL,US TOTAL,,,,,,,,0,,CORN,"CORN, GRAIN - PRODUCTION, MEASURED IN BU",TOTAL,NOT SPECIFIED,"1,124,775,000",
SURVEY,1871,YEAR,,NATIONAL,US TOTAL,,,,,,,,0,,CORN,"CORN, GRAIN - PRODUCTION, MEASURED IN BU",TOTAL,NOT SPECIFIED,"1,141,715,000",
SURVEY,1872,YEAR,,NATIONAL,US TOTAL,,,,,,,,0,,CORN,"CORN, GRAIN - PRODUCTION, MEASURED IN BU",TOTAL,NOT SPECIFIED,"1,279,369,000",
SURVEY,1873,YEAR,,NATIONAL,US TOTAL,,,,,,,,0,,CORN,"CORN, GRAIN - PRODUCTION, MEASURED IN BU",TOTAL,NOT SPECIFIED,"1,008,326,000",
SURVEY,1874,YEAR,,NATIONAL,US TOTAL,,,,,,,,0,,CORN,"CORN, GRAIN - PRODUCTION, MEASURED IN BU",TOTAL,NOT SPECIFIED,"1,058,778,000",
SURVEY,1875,YEAR,,NATIONAL,US TOTAL,,,,,,,,0,,CORN,"CORN, GRAIN - PRODUCTION, MEASURED IN BU",TOTAL,NOT SPECIFIED,"1,450,276,000",
SURVEY,1876,YEAR,,NATIONAL,US TOTAL,,,,,,,,0,,CORN,"CORN, GRAIN - PRODUCTION, MEASURED IN BU",TOTAL,NOT SPECIFIED,"1,478,173,000",
SURVEY,1877,YEAR,,NATIONAL,US TOTAL,,,,,,,,0,,CORN,"CORN, GRAIN - PRODUCTION, MEASURED IN BU",TOTAL,NOT SPECIFIED,"1,515,862,000",
SURVEY,1878,YEAR,,NATIONAL,US TOTAL,,,,,,,,0,,CORN,"CORN, GRAIN - PRODUCTION, MEASURED IN BU",TOTAL,NOT SPECIFIED,"1,564,537,000",
SURVEY,1879,YEAR,,NATIONAL,US TOTAL,,,,,,,,0,,CORN,"CORN, GRAIN - PRODUCTION, MEASURED IN BU",TOTAL,NOT SPECIFIED,"1,751,984,000",
SURVEY,1880,YEAR,,NATIONAL,US TOTAL,,,,,,,,0,,CORN,"CORN, GRAIN - PRODUCTION, MEASURED IN BU",TOTAL,NOT SPECIFIED,"1,706,673,000",
SURVEY,1881,YEAR,,NATIONAL,US TOTAL,,,,,,,,0,,CORN,"CORN, GRAIN - PRODUCTION, MEASURED IN BU",TOTAL,NOT SPECIFIED,"1,244,803,000",
SURVEY,1882,YEAR,,NATIONAL,US TOTAL,,,,,,,,0,,CORN,"CORN, GRAIN - PRODUCTION, MEASURED IN BU",TOTAL,NOT SPECIFIED,"1,755,272,000",
SURVEY,1883,YEAR,,NATIONAL,US TOTAL,,,,,,,,0,,CORN,"CORN, GRAIN - PRODUCTION, MEASURED IN BU",TOTAL,NOT SPECIFIED,"1,652,148,000",
SURVEY,1884,YEAR,,NATIONAL,US TOTAL,,,,,,,,0,,CORN,"CORN, GRAIN - PRODUCTION, MEASURED IN BU",TOTAL,NOT SPECIFIED,"1,947,838,000",
SURVEY,1885,YEAR,,NATIONAL,US TOTAL,,,,,,,,0,,CORN,"CORN, GRAIN - PRODUCTION, MEASURED IN BU",TOTAL,NOT SPECIFIED,"2,057,807,000",
SURVEY,1886,YEAR,,NATIONAL,US TOTAL,,,,,,,,0,,CORN,"CORN, GRAIN - PRODUCTION, MEASURED IN BU",TOTAL,NOT SPECIFIED,"1,782,767,000",
SURVEY,1887,YEAR,,NATIONAL,US TOTAL,,,,,,,,0,,CORN,"CORN, GRAIN - PRODUCTION, MEASURED IN BU",TOTAL,NOT SPECIFIED,"1,604,549,000",
SURVEY,1888,YEAR,,NATIONAL,US TOTAL,,,,,,,,0,,CORN,"CORN, GRAIN - PRODUCTION, MEASURED IN BU",TOTAL,NOT SPECIFIED,"2,250,632,000",
SURVEY,1889,YEAR,,NATIONAL,US TOTAL,,,,,,,,0,,CORN,"CORN, GRAIN - PRODUCTION, MEASURED IN BU",TOTAL,NOT SPECIFIED,"2,294,289,000",
SURVEY,1890,YEAR,,NATIONAL,US TOTAL,,,,,,,,0,,CORN,"CORN, GRAIN - PRODUCTION, MEASURED IN BU",TOTAL,NOT SPECIFIED,"1,650,446,000",
SURVEY,1891,YEAR,,NATIONAL,US TOTAL,,,,,,,,0,,CORN,"CORN, GRAIN - PRODUCTION, MEASURED IN BU",TOTAL,NOT SPECIFIED,"2,335,804,000",
SURVEY,1892,YEAR,,NATIONAL,US TOTAL,,,,,,,,0,,CORN,"CORN, GRAIN - PRODUCTION, MEASURED IN BU",TOTAL,NOT SPECIFIED,"1,897,412,000",
SURVEY,1893,YEAR,,NATIONAL,US TOTAL,,,,,,,,0,,CORN,"CORN, GRAIN - PRODUCTION, MEASURED IN BU",TOTAL,NOT SPECIFIED,"1,900,401,000",
SURVEY,1894,YEAR,,NATIONAL,US TOTAL,,,,,,,,0,,CORN,"CORN, GRAIN - PRODUCTION, MEASURED IN BU",TOTAL,NOT SPECIFIED,"1,615,016,000",
SURVEY,1895,YEAR,,NATIONAL,US TOTAL,,,,,,,,0,,CORN,"CORN, GRAIN - PRODUCTION, MEASURED IN BU",TOTAL,NOT SPECIFIED,"2,534,762,000",
SURVEY,1896,YEAR,,NATIONAL,US TOTAL,,,,,,,,0,,CORN,"CORN, GRAIN - PRODUCTION, MEASURED IN BU",TOTAL,NOT SPECIFIED,"2,671,048,000",
SURVEY,1897,YEAR,,NATIONAL,US TOTAL,,,,,,,,0,,CORN,"CORN, GRAIN - PRODUCTION, MEASURED IN BU",TOTAL,NOT SPECIFIED,"2,287,628,000",
SURVEY,1898,YEAR,,NATIONAL,US TOTAL,,,,,,,,0,,CORN,"CORN, GRAIN - PRODUCTION, MEASURED IN BU",TOTAL,NOT SPECIFIED,"2,351,323,000",
SURVEY,1899,YEAR,,NATIONAL,US TOTAL,,,,,,,,0,,CORN,"CORN, GRAIN - PRODUCTION, MEASURED IN BU",TOTAL,NOT SPECIFIED,"2,645,796,000",
SURVEY,1900,YEAR,,NATIONAL,US TOTAL,,,,,,,,0,,CORN,"CORN, GRAIN - PRODUCTION, MEASURED IN BU",TOTAL,NOT SPECIFIED,"2,661,978,000",
SURVEY,1901,YEAR,,NATIONAL,US TOTAL,,,,,,,,0,,CORN,"CORN, GRAIN - PRODUCTION, MEASURED IN BU",TOTAL,NOT SPECIFIED,"1,715,752,000",
SURVEY,1902,YEAR,,NATIONAL,US TOTAL,,,,,,,,0,,CORN,"CORN, GRAIN - PRODUCTION, MEASURED IN BU",TOTAL,NOT SPECIFIED,"2,773,954,000",
SURVEY,1903,YEAR,,NATIONAL,US TOTAL,,,,,,,,0,,CORN,"CORN, GRAIN - PRODUCTION, MEASURED IN BU",TOTAL,NOT SPECIFIED,"2,515,093,000",
SURVEY,1904,YEAR,,NATIONAL,US TOTAL,,,,,,,,0,,CORN,"CORN, GRAIN - PRODUCTION, MEASURED IN BU",TOTAL,NOT SPECIFIED,"2,686,624,000",
SURVEY,1905,YEAR,,NATIONAL,US TOTAL,,,,,,,,0,,CORN,"CORN, GRAIN - PRODUCTION, MEASURED IN BU",TOTAL,NOT SPECIFIED,"2,954,148,000",
SURVEY,1906,YEAR,,NATIONAL,US TOTAL,,,,,,,,0,,CORN,"CORN, GRAIN - PRODUCTION, MEASURED IN BU",TOTAL,NOT SPECIFIED,"3,032,910,000",
SURVEY,1907,YEAR,,NATIONAL,US TOTAL,,,,,,,,0,,CORN,"CORN, GRAIN - PRODUCTION, MEASURED IN BU",TOTAL,NOT SPECIFIED,"2,613,797,000",
SURVEY,1908,YEAR,,NATIONAL,US TOTAL,,,,,,,,0,,CORN,"CORN, GRAIN - PRODUCTION, MEASURED IN BU",TOTAL,NOT SPECIFIED,"2,566,742,000",
SURVEY,1909,YEAR,,NATIONAL,US TOTAL,,,,,,,,0,,CORN,"CORN, GRAIN - PRODUCTION, MEASURED IN BU",TOTAL,NOT SPECIFIED,"2,611,157,000",
SURVEY,1910,YEAR,,NATIONAL,US TOTAL,,,,,,,,0,,CORN,"CORN, GRAIN - PRODUCTION, MEASURED IN BU",TOTAL,NOT SPECIFIED,"2,852,794,000",
SURVEY,1911,YEAR,,NATIONAL,US TOTAL,,,,,,,,0,,CORN,"CORN, GRAIN - PRODUCTION, MEASURED IN BU",TOTAL,NOT SPECIFIED,"2,474,635,000",
SURVEY,1912,YEAR,,NATIONAL,US TOTAL,,,,,,,,0,,CORN,"CORN, GRAIN - PRODUCTION, MEASURED IN BU",TOTAL,NOT SPECIFIED,"2,947,842,000",
SURVEY,1913,YEAR,,NATIONAL,US TOTAL,,,,,,,,0,,CORN,"CORN, GRAIN - PRODUCTION, MEASURED IN BU",TOTAL,NOT SPECIFIED,"2,272,540,000",
SURVEY,1914,YEAR,,NATIONAL,US TOTAL,,,,,,,,0,,CORN,"CORN, GRAIN - PRODUCTION, MEASURED IN BU",TOTAL,NOT SPECIFIED,"2,523,750,000",
SURVEY,1915,YEAR,,NATIONAL,US TOTAL,,,,,,,,0,,CORN,"CORN, GRAIN - PRODUCTION, MEASURED IN BU",TOTAL,NOT SPECIFIED,"2,829,044,000",
SURVEY,1916,YEAR,,NATIONAL,US TOTAL,,,,,,,,0,,CORN,"CORN, GRAIN - PRODUCTION, MEASURED IN BU",TOTAL,NOT SPECIFIED,"2,425,206,000",
SURVEY,1917,YEAR,,NATIONAL,US TOTAL,,,,,,,,0,,CORN,"CORN, GRAIN - PRODUCTION, MEASURED IN BU",TOTAL,NOT SPECIFIED,"2,908,242,000",
SURVEY,1918,YEAR,,NATIONAL,US TOTAL,,,,,,,,0,,CORN,"CORN, GRAIN - PRODUCTION, MEASURED IN BU",TOTAL,NOT SPECIFIED,"2,441,249,000",
SURVEY,1919,YEAR,,NATIONAL,US TOTAL,,,,,,,,0,,CORN,"CORN, GRAIN - PRODUCTION, MEASURED IN BU",TOTAL,NOT SPECIFIED,"2,341,870,000",
SURVEY,1920,YEAR,,NATIONAL,US TOTAL,,,,,,,,0,,CORN,"CORN, GRAIN - PRODUCTION, MEASURED IN BU",TOTAL,NOT SPECIFIED,"2,695,085,000",
SURVEY,1921,YEAR,,NATIONAL,US TOTAL,,,,,,,,0,,CORN,"CORN, GRAIN - PRODUCTION, MEASURED IN BU",TOTAL,NOT SPECIFIED,"2,556,924,000",
SURVEY,1922,YEAR,,NATIONAL,US TOTAL,,,,,,,,0,,CORN,"CORN, GRAIN - PRODUCTION, MEASURED IN BU",TOTAL,NOT SPECIFIED,"2,229,496,000",
SURVEY,1923,YEAR,,NATIONAL,US TOTAL,,,,,,,,0,,CORN,"CORN, GRAIN - PRODUCTION, MEASURED IN BU",TOTAL,NOT SPECIFIED,"2,429,551,000",
SURVEY,1924,YEAR,,NATIONAL,US TOTAL,,,,,,,,0,,CORN,"CORN, GRAIN - PRODUCTION, MEASURED IN BU",TOTAL,NOT SPECIFIED,"1,860,112,000",
SURVEY,1925,YEAR,,NATIONAL,US TOTAL,,,,,,,,0,,CORN,"CORN, GRAIN - PRODUCTION, MEASURED IN BU",TOTAL,NOT SPECIFIED,"2,382,288,000",
SURVEY,1926,YEAR,,NATIONAL,US TOTAL,,,,,,,,0,,CORN,"CORN, GRAIN - PRODUCTION, MEASURED IN BU",TOTAL,NOT SPECIFIED,"2,140,207,000",
SURVEY,1927,YEAR,,NATIONAL,US TOTAL,,,,,,,,0,,CORN,"CORN, GRAIN - PRODUCTION, MEASURED IN BU",TOTAL,NOT SPECIFIED,"2,218,189,000",
SURVEY,1928,YEAR,,NATIONAL,US TOTAL,,,,,,,,0,,CORN,"CORN, GRAIN - PRODUCTION, MEASURED IN BU",TOTAL,NOT SPECIFIED,"2,260,990,000",
SURVEY,1929,YEAR,,NATIONAL,US TOTAL,,,,,,,,0,,CORN,"CORN, GRAIN - PRODUCTION, MEASURED IN BU",TOTAL,NOT SPECIFIED,"2,135,038,000",
SURVEY,1930,YEAR,,NATIONAL,US TOTAL,,,,,,,,0,,CORN,"CORN, GRAIN - PRODUCTION, MEASURED IN BU",TOTAL,NOT SPECIFIED,"1,757,297,000",
SURVEY,1931,YEAR,,NATIONAL,US TOTAL,,,,,,,,0,,CORN,"CORN, GRAIN - PRODUCTION, MEASURED IN BU",TOTAL,NOT SPECIFIED,"2,229,903,000",
SURVEY,1932,YEAR,,NATIONAL,US TOTAL,,,,,,,,0,,CORN,"CORN, GRAIN - PRODUCTION, MEASURED IN BU",TOTAL,NOT SPECIFIED,"2,578,685,000",
SURVEY,1933,YEAR,,NATIONAL,US TOTAL,,,,,,,,0,,CORN,"CORN, GRAIN - PRODUCTION, MEASURED IN BU",TOTAL,NOT SPECIFIED,"2,104,725,000",
SURVEY,1934,YEAR,,NATIONAL,US TOTAL,,,,,,,,0,,CORN,"CORN, GRAIN - PRODUCTION, MEASURED IN BU",TOTAL,NOT SPECIFIED,"1,146,734,000",
SURVEY,1935,YEAR,,NATIONAL,US TOTAL,,,,,,,,0,,CORN,"CORN, GRAIN - PRODUCTION, MEASURED IN BU",TOTAL,NOT SPECIFIED,"2,001,367,000",
SURVEY,1936,YEAR,,NATIONAL,US TOTAL,,,,,,,,0,,CORN,"CORN, GRAIN - PRODUCTION, MEASURED IN BU",TOTAL,NOT SPECIFIED,"1,258,673,000",
SURVEY,1937,YEAR,,NATIONAL,US TOTAL,,,,,,,,0,,CORN,"CORN, GRAIN - PRODUCTION, MEASURED IN BU",TOTAL,NOT SPECIFIED,"2,349,425,000",
SURVEY,1938,YEAR,,NATIONAL,US TOTAL,,,,,,,,0,,CORN,"CORN, GRAIN - PRODUCTION, MEASURED IN BU",TOTAL,NOT SPECIFIED,"2,300,095,000",
SURVEY,1939,YEAR,,NATIONAL,US TOTAL,,,,,,,,0,,CORN,"CORN, GRAIN - PRODUCTION, MEASURED IN BU",TOTAL,NOT SPECIFIED,"2,341,602,000",
SURVEY,1940,YEAR,,NATIONAL,US TOTAL,,,,,,,,0,,CORN,"CORN, GRAIN - PRODUCTION, MEASURED IN BU",TOTAL,NOT SPECIFIED,"2,206,882,000",
SURVEY,1941,YEAR,,NATIONAL,US TOTAL,,,,,,,,0,,CORN,"CORN, GRAIN - PRODUCTION, MEASURED IN BU",TOTAL,NOT SPECIFIED,"2,414,445,000",
SURVEY,1942,YEAR,,NATIONAL,US TOTAL,,,,,,,,0,,CORN,"CORN, GRAIN - PRODUCTION, MEASURED IN BU",TOTAL,NOT SPECIFIED,"2,801,819,000",
SURVEY,1943,YEAR,,NATIONAL,US TOTAL,,,,,,,,0,,CORN,"CORN, GRAIN - PRODUCTION, MEASURED IN BU",TOTAL,NOT SPECIFIED,"2,668,490,000",
SURVEY,1944,YEAR,,NATIONAL,US TOTAL,,,,,,,,0,,CORN,"CORN, GRAIN - PRODUCTION, MEASURED IN BU",TOTAL,NOT SPECIFIED,"2,801,612,000",
SURVEY,1945,YEAR,,NATIONAL,US TOTAL,,,,,,,,0,,CORN,"CORN, GRAIN - PRODUCTION, MEASURED IN BU",TOTAL,NOT SPECIFIED,"2,577,449,000",
SURVEY,1946,YEAR,,NATIONAL,US TOTAL,,,,,,,,0,,CORN,"CORN, GRAIN - PRODUCTION, MEASURED IN BU",TOTAL,NOT SPECIFIED,"2,916,089,000",
SURVEY,1947,YEAR,,NATIONAL,US TOTAL,,,,,,,,0,,CORN,"CORN, GRAIN - PRODUCTION, MEASURED IN BU",TOTAL,NOT SPECIFIED,"2,108,320,000",
SURVEY,1948,YEAR,,NATIONAL,US TOTAL,,,,,,,,0,,CORN,"CORN, GRAIN - PRODUCTION, MEASURED IN BU",TOTAL,NOT SPECIFIED,"3,307,038,000",
SURVEY,1949,YEAR,,NATIONAL,US TOTAL,,,,,,,,0,,CORN,"CORN, GRAIN - PRODUCTION, MEASURED IN BU",TOTAL,NOT SPECIFIED,"2,946,206,000",
SURVEY,1950,YEAR,,NATIONAL,US TOTAL,,,,,,,,0,,CORN,"CORN, GRAIN - PRODUCTION, MEASURED IN BU",TOTAL,NOT SPECIFIED,"2,764,071,000",
SURVEY,1951,YEAR,,NATIONAL,US TOTAL,,,,,,,,0,,CORN,"CORN, GRAIN - PRODUCTION, MEASURED IN BU",TOTAL,NOT SPECIFIED,"2,628,937,000",
SURVEY,1952,YEAR,,NATIONAL,US TOTAL,,,,,,,,0,,CORN,"CORN, GRAIN - PRODUCTION, MEASURED IN BU",TOTAL,NOT SPECIFIED,"2,980,793,000",
SURVEY,1953,YEAR,,NATIONAL,US TOTAL,,,,,,,,0,,CORN,"CORN, GRAIN - PRODUCTION, MEASURED IN BU",TOTAL,NOT SPECIFIED,"2,881,801,000",
SURVEY,1954,YEAR,,NATIONAL,US TOTAL,,,,,,,,0,,CORN,"CORN, GRAIN - PRODUCTION, MEASURED IN BU",TOTAL,NOT SPECIFIED,"2,707,913,000",
SURVEY,1955,YEAR,,NATIONAL,US TOTAL,,,,,,,,0,,CORN,"CORN, GRAIN - PRODUCTION, MEASURED IN BU",TOTAL,NOT SPECIFIED,"2,872,959,000",
SURVEY,1956,YEAR,,NATIONAL,US TOTAL,,,,,,,,0,,CORN,"CORN, GRAIN - PRODUCTION, MEASURED IN BU",TOTAL,NOT SPECIFIED,"3,075,336,000",
SURVEY,1957,YEAR,,NATIONAL,US TOTAL,,,,,,,,0,,CORN,"CORN, GRAIN - PRODUCTION, MEASURED IN BU",TOTAL,NOT SPECIFIED,"3,045,355,000",
SURVEY,1958,YEAR,,NATIONAL,US TOTAL,,,,,,,,0,,CORN,"CORN, GRAIN - PRODUCTION, MEASURED IN BU",TOTAL,NOT SPECIFIED,"3,356,205,000",
SURVEY,1959,YEAR,,NATIONAL,US TOTAL,,,,,,,,0,,CORN,"CORN, GRAIN - PRODUCTION, MEASURED IN BU",TOTAL,NOT SPECIFIED,"3,824,598,000",
SURVEY,1960,YEAR,,NATIONAL,US TOTAL,,,,,,,,0,,CORN,"CORN, GRAIN - PRODUCTION, MEASURED IN BU",TOTAL,NOT SPECIFIED,"3,906,949,000",
SURVEY,1961,YEAR,,NATIONAL,US TOTAL,,,,,,,,0,,CORN,"CORN, GRAIN - PRODUCTION, MEASURED IN BU",TOTAL,NOT SPECIFIED,"3,597,803,000",
SURVEY,1962,YEAR,,NATIONAL,US TOTAL,,,,,,,,0,,CORN,"CORN, GRAIN - PRODUCTION, MEASURED IN BU",TOTAL,NOT SPECIFIED,"3,606,311,000",
SURVEY,1963,YEAR,,NATIONAL,US TOTAL,,,,,,,,0,,CORN,"CORN, GRAIN - PRODUCTION, MEASURED IN BU",TOTAL,NOT SPECIFIED,"4,019,238,000",
SURVEY,1964,YEAR,,NATIONAL,US TOTAL,,,,,,,,0,,CORN,"CORN, GRAIN - PRODUCTION, MEASURED IN BU",TOTAL,NOT SPECIFIED,"3,484,253,000",
SURVEY,1965,YEAR,,NATIONAL,US TOTAL,,,,,,,,0,,CORN,"CORN, GRAIN - PRODUCTION, MEASURED IN BU",TOTAL,NOT SPECIFIED,"4,102,867,000",
SURVEY,1966,YEAR,,NATIONAL,US TOTAL,,,,,,,,0,,CORN,"CORN, GRAIN - PRODUCTION, MEASURED IN BU",TOTAL,NOT SPECIFIED,"4,167,608,000",
SURVEY,1967,YEAR,,NATIONAL,US TOTAL,,,,,,,,0,,CORN,"CORN, GRAIN - PRODUCTION, MEASURED IN BU",TOTAL,NOT SPECIFIED,"4,860,372,000",
SURVEY,1968,YEAR,,NATIONAL,US TOTAL,,,,,,,,0,,CORN,"CORN, GRAIN - PRODUCTION, MEASURED IN BU",TOTAL,NOT SPECIFIED,"4,449,542,000",
SURVEY,1969,YEAR,,NATIONAL,US TOTAL,,,,,,,,0,,CORN,"CORN, GRAIN - PRODUCTION, MEASURED IN BU",TOTAL,NOT SPECIFIED,"4,687,057,000",
SURVEY,1970,YEAR,,NATIONAL,US TOTAL,,,,,,,,0,,CORN,"CORN, GRAIN - PRODUCTION, MEASURED IN BU",TOTAL,NOT SPECIFIED,"4,152,243,000",
SURVEY,1971,YEAR,,NATIONAL,US TOTAL,,,,,,,,0,,CORN,"CORN, GRAIN - PRODUCTION, MEASURED IN BU",TOTAL,NOT SPECIFIED,"5,646,260,000",
SURVEY,1972,YEAR,,NATIONAL,US TOTAL,,,,,,,,0,,CORN,"CORN, GRAIN - PRODUCTION, MEASURED IN BU",TOTAL,NOT SPECIFIED,"5,579,832,000",
SURVEY,1973,YEAR,,NATIONAL,US TOTAL,,,,,,,,0,,CORN,"CORN, GRAIN - PRODUCTION, MEASURED IN BU",TOTAL,NOT SPECIFIED,"5,670,712,000",
SURVEY,1974,YEAR,,NATIONAL,US TOTAL,,,,,,,,0,,CORN,"CORN, GRAIN - PRODUCTION, MEASURED IN BU",TOTAL,NOT SPECIFIED,"4,701,402,000",
SURVEY,1975,YEAR,,NATIONAL,US TOTAL,,,,,,,,0,,CORN,"CORN, GRAIN - PRODUCTION, MEASURED IN BU",TOTAL,NOT SPECIFIED,"5,840,757,000",
SURVEY,1976,YEAR,,NATIONAL,US TOTAL,,,,,,,,0,,CORN,"CORN, GRAIN - PRODUCTION, MEASURED IN BU",TOTAL,NOT SPECIFIED,"6,289,169,000",
SURVEY,1977,YEAR,,NATIONAL,US TOTAL,,,,,,,,0,,CORN,"CORN, GRAIN - PRODUCTION, MEASURED IN BU",TOTAL,NOT SPECIFIED,"6,505,041,000",
SURVEY,1978,YEAR,,NATIONAL,US TOTAL,,,,,,,,0,,CORN,"CORN, GRAIN - PRODUCTION, MEASURED IN BU",TOTAL,NOT SPECIFIED,"7,267,927,000",
SURVEY,1979,YEAR,,NATIONAL,US TOTAL,,,,,,,,0,,CORN,"CORN, GRAIN - PRODUCTION, MEASURED IN BU",TOTAL,NOT SPECIFIED,"7,928,139,000",
SURVEY,1980,YEAR,,NATIONAL,US TOTAL,,,,,,,,0,,CORN,"CORN, GRAIN - PRODUCTION, MEASURED IN BU",TOTAL,NOT SPECIFIED,"6,639,396,000",
SURVEY,1981,YEAR,,NATIONAL,US TOTAL,,,,,,,,0,,CORN,"CORN, GRAIN - PRODUCTION, MEASURED IN BU",TOTAL,NOT SPECIFIED,"8,118,650,000",
SURVEY,1982,YEAR,,NATIONAL,US TOTAL,,,,,,,,0,,CORN,"CORN, GRAIN - PRODUCTION, MEASURED IN BU",TOTAL,NOT SPECIFIED,"8,235,101,000",
SURVEY,1983,YEAR,,NATIONAL,US TOTAL,,,,,,,,0,,CORN,"CORN, GRAIN - PRODUCTION, MEASURED IN BU",TOTAL,NOT SPECIFIED,"4,174,251,000",
SURVEY,1984,YEAR,,NATIONAL,US TOTAL,,,,,,,,0,,CORN,"CORN, GRAIN - PRODUCTION, MEASURED IN BU",TOTAL,NOT SPECIFIED,"7,672,130,000",
SURVEY,1985,YEAR,,NATIONAL,US TOTAL,,,,,,,,0,,CORN,"CORN, GRAIN - PRODUCTION, MEASURED IN BU",TOTAL,NOT SPECIFIED,"8,875,453,000",
SURVEY,1986,YEAR,,NATIONAL,US TOTAL,,,,,,,,0,,CORN,"CORN, GRAIN - PRODUCTION, MEASURED IN BU",TOTAL,NOT SPECIFIED,"8,225,764,000",
SURVEY,1987,YEAR,,NATIONAL,US TOTAL,,,,,,,,0,,CORN,"CORN, GRAIN - PRODUCTION, MEASURED IN BU",TOTAL,NOT SPECIFIED,"7,131,300,000",
SURVEY,1988,YEAR,,NATIONAL,US TOTAL,,,,,,,,0,,CORN,"CORN, GRAIN - PRODUCTION, MEASURED IN BU",TOTAL,NOT SPECIFIED,"4,928,681,000",
SURVEY,1989,YEAR,,NATIONAL,US TOTAL,,,,,,,,0,,CORN,"CORN, GRAIN - PRODUCTION, MEASURED IN BU",TOTAL,NOT SPECIFIED,"7,531,953,000",
SURVEY,1990,YEAR,,NATIONAL,US TOTAL,,,,,,,,0,,CORN,"CORN, GRAIN - PRODUCTION, MEASURED IN BU",TOTAL,NOT SPECIFIED,"7,934,028,000",
SURVEY,1991,YEAR,,NATIONAL,US TOTAL,,,,,,,,0,,CORN,"CORN, GRAIN - PRODUCTION, MEASURED IN BU",TOTAL,NOT SPECIFIED,"7,474,765,000",
SURVEY,1992,YEAR,,NATIONAL,US TOTAL,,,,,,,,0,,CORN,"CORN, GRAIN - PRODUCTION, MEASURED IN BU",TOTAL,NOT SPECIFIED,"9,476,698,000",
SURVEY,1993,YEAR,,NATIONAL,US TOTAL,,,,,,,,0,,CORN,"CORN, GRAIN - PRODUCTION, MEASURED IN BU",TOTAL,NOT SPECIFIED,"6,337,730,000",
SURVEY,1994,YEAR,,NATIONAL,US TOTAL,,,,,,,,0,,CORN,"CORN, GRAIN - PRODUCTION, MEASURED IN BU",TOTAL,NOT SPECIFIED,"10,050,520,000",
SURVEY,1995,YEAR,,NATIONAL,US TOTAL,,,,,,,,0,,CORN,"CORN, GRAIN - PRODUCTION, MEASURED IN BU",TOTAL,NOT SPECIFIED,"7,400,051,000",
SURVEY,1996,YEAR,,NATIONAL,US TOTAL,,,,,,,,0,,CORN,"CORN, GRAIN - PRODUCTION, MEASURED IN BU",TOTAL,NOT SPECIFIED,"9,232,557,000",
SURVEY,1997,YEAR,,NATIONAL,US TOTAL,,,,,,,,0,,CORN,"CORN, GRAIN - PRODUCTION, MEASURED IN BU",TOTAL,NOT SPECIFIED,"9,206,832,000",
SURVEY,1998,YEAR,,NATIONAL,US TOTAL,,,,,,,,0,,CORN,"CORN, GRAIN - PRODUCTION, MEASURED IN BU",TOTAL,NOT SPECIFIED,"9,758,685,000",
SURVEY,1999,YEAR,,NATIONAL,US TOTAL,,,,,,,,0,,CORN,"CORN, GRAIN - PRODUCTION, MEASURED IN BU",TOTAL,NOT SPECIFIED,"9,430,612,000",
SURVEY,2000,YEAR,,NATIONAL,US TOTAL,,,,,,,,0,,CORN,"CORN, GRAIN - PRODUCTION, MEASURED IN BU",TOTAL,NOT SPECIFIED,"9,915,051,000",
SURVEY,2001,YEAR,,NATIONAL,US TOTAL,,,,,,,,0,,CORN,"CORN, GRAIN - PRODUCTION, MEASURED IN BU",TOTAL,NOT SPECIFIED,"9,502,580,000",
SURVEY,2002,YEAR,,NATIONAL,US TOTAL,,,,,,,,0,,CORN,"CORN, GRAIN - PRODUCTION, MEASURED IN BU",TOTAL,NOT SPECIFIED,"8,966,787,000",
SURVEY,2003,YEAR,,NATIONAL,US TOTAL,,,,,,,,0,,CORN,"CORN, GRAIN - PRODUCTION, MEASURED IN BU",TOTAL,NOT SPECIFIED,"10,087,292,000",
SURVEY,2004,YEAR,,NATIONAL,US TOTAL,,,,,,,,0,,CORN,"CORN, GRAIN - PRODUCTION, MEASURED IN BU",TOTAL,NOT SPECIFIED,"11,805,581,000",
SURVEY,2005,YEAR,,NATIONAL,US TOTAL,,,,,,,,0,,CORN,"CORN, GRAIN - PRODUCTION, MEASURED IN BU",TOTAL,NOT SPECIFIED,"11,112,187,000",
SURVEY,2006,YEAR,,NATIONAL,US TOTAL,,,,,,,,0,,CORN,"CORN, GRAIN - PRODUCTION, MEASURED IN BU",TOTAL,NOT SPECIFIED,"10,531,123,000",
SURVEY,2007,YEAR,,NATIONAL,US TOTAL,,,,,,,,0,,CORN,"CORN, GRAIN - PRODUCTION, MEASURED IN BU",TOTAL,NOT SPECIFIED,"13,037,875,000",
SURVEY,2008,YEAR,,NATIONAL,US TOTAL,,,,,,,,0,,CORN,"CORN, GRAIN - PRODUCTION, MEASURED IN BU",TOTAL,NOT SPECIFIED,"12,043,203,000",
SURVEY,2009,YEAR,,NATIONAL,US TOTAL,,,,,,,,0,,CORN,"CORN, GRAIN - PRODUCTION, MEASURED IN BU",TOTAL,NOT SPECIFIED,"13,067,156,000",
SURVEY,2010,YEAR,,NATIONAL,US TOTAL,,,,,,,,0,,CORN,"CORN, GRAIN - PRODUCTION, MEASURED IN BU",TOTAL,NOT SPECIFIED,"12,425,330,000",
SURVEY,2011,YEAR,,NATIONAL,US TOTAL,,,,,,,,0,,CORN,"CORN, GRAIN - PRODUCTION, MEASURED IN BU",TOTAL,NOT SPECIFIED,"12,313,956,000",
SURVEY,2012,YEAR,,NATIONAL,US TOTAL,,,,,,,,0,,CORN,"CORN, GRAIN - PRODUCTION, MEASURED IN BU",TOTAL,NOT SPECIFIED,"10,755,111,000",
SURVEY,2013,YEAR,,NATIONAL,US TOTAL,,,,,,,,0,,CORN,"CORN, GRAIN - PRODUCTION, MEASURED IN BU",TOTAL,NOT SPECIFIED,"13,830,704,000",
SURVEY,2014,YEAR,,NATIONAL,US TOTAL,,,,,,,,0,,CORN,"CORN, GRAIN - PRODUCTION, MEASURED IN BU",TOTAL,NOT SPECIFIED,"14,217,292,000",
SURVEY,2015,YEAR,,NATIONAL,US TOTAL,,,,,,,,0,,CORN,"CORN, GRAIN - PRODUCTION, MEASURED IN BU",TOTAL,NOT SPECIFIED,"13,601,964,000",
SURVEY,2016,YEAR,,NATIONAL,US TOTAL,,,,,,,,0,,CORN,"CORN, GRAIN - PRODUCTION, MEASURED IN BU",TOTAL,NOT SPECIFIED,"15,148,038,000",
SURVEY,2017,YEAR,,NATIONAL,US TOTAL,,,,,,,,0,,CORN,"CORN, GRAIN - PRODUCTION, MEASURED IN BU",TOTAL,NOT SPECIFIED,"14,609,407,000",
SURVEY,2018,YEAR,,NATIONAL,US TOTAL,,,,,,,,0,,CORN,"CORN, GRAIN - PRODUCTION, MEASURED IN BU",TOTAL,NOT SPECIFIED,"14,340,369,000",
SURVEY,2019,YEAR,,NATIONAL,US TOTAL,,,,,,,,0,,CORN,"CORN, GRAIN - PRODUCTION, MEASURED IN BU",TOTAL,NOT SPECIFIED,"13,619,928,000",
SURVEY,2020,YEAR,,NATIONAL,US TOTAL,,,,,,,,0,,CORN,"CORN, GRAIN - PRODUCTION, MEASURED IN BU",TOTAL,NOT SPECIFIED,"14,182,479,000",
